{
  "tk_acc@1": 0.0,
  "tk_acc@3": 0.0,
  "tk_acc@5": 0.0,
  "tk_acc@10": 0.03773584905660377,
  "g_acc@1": 0.0,
  "g_acc@3": 0.05660377358490566,
  "tk_mrr": 0.010467939829520911,
  "g_mrr": 0.08179163869326514
}