{
  "num_practices": 10,
  "valid_fingerprints": 10,
  "similarity_stats": {
    "mean": 0.16895905137062073,
    "median": 0.1812080591917038,
    "std": 0.11911427974700928,
    "min": 0.0,
    "max": 0.3563218414783478
  },
  "practice_names": [
    "ayurveda_ashwagandha_stress",
    "tcm_cannabis_pain",
    "ayurveda_turmeric_inflammation",
    "native_american_cannabis_ceremony",
    "rastafarian_cannabis_meditation",
    "generic_high_thc_cannabis",
    "generic_high_cbd_cannabis",
    "generic_balanced_cannabis",
    "generic_cbg_cultivar",
    "generic_cbn_sedative"
  ],
  "similarity_matrix": [
    [
      0.4825174808502197,
      0.049504950642585754,
      0.3563218414783478,
      0.05319149047136307,
      0.0382513664662838,
      0.054347824305295944,
      0.04854368790984154,
      0.047457627952098846,
      0.0717703327536583,
      0.032608695328235626
    ],
    [
      0.049504950642585754,
      0.4039735198020935,
      0.06306306272745132,
      0.2611464858055115,
      0.22580644488334656,
      0.3379310369491577,
      0.3251533806324005,
      0.3037974536418915,
      0.25139665603637695,
      0.2666666805744171
    ],
    [
      0.3563218414783478,
      0.06306306272745132,
      0.4689265489578247,
      0.06730769574642181,
      0.04901960864663124,
      0.06341463327407837,
      0.06666667014360428,
      0.05828221142292023,
      0.06896551698446274,
      0.054187193512916565
    ],
    [
      0.05319149047136307,
      0.2611464858055115,
      0.06730769574642181,
      0.4375,
      0.1812080591917038,
      0.34328359365463257,
      0.33774834871292114,
      0.2151898741722107,
      0.28834354877471924,
      0.3333333432674408
    ],
    [
      0.0382513664662838,
      0.22580644488334656,
      0.04901960864663124,
      0.1812080591917038,
      0.35483869910240173,
      0.24637681245803833,
      0.16867469251155853,
      0.26605507731437683,
      0.14772726595401764,
      0.2631579041481018
    ],
    [
      0.054347824305295944,
      0.3379310369491577,
      0.06341463327407837,
      0.34328359365463257,
      0.24637681245803833,
      0.44262295961380005,
      0.2611464858055115,
      0.2589285373687744,
      0.2874999940395355,
      0.32307693362236023
    ],
    [
      0.04854368790984154,
      0.3251533806324005,
      0.06666667014360428,
      0.33774834871292114,
      0.16867469251155853,
      0.2611464858055115,
      0.4012738764286041,
      0.2600000202655792,
      0.2527472674846649,
      0.2763157784938812
    ],
    [
      0.047457627952098846,
      0.3037974536418915,
      0.05828221142292023,
      0.2151898741722107,
      0.26605507731437683,
      0.2589285373687744,
      0.2600000202655792,
      0.30434784293174744,
      0.2339622974395752,
      0.18454937636852264
    ],
    [
      0.0717703327536583,
      0.25139665603637695,
      0.06896551698446274,
      0.28834354877471924,
      0.14772726595401764,
      0.2874999940395355,
      0.2527472674846649,
      0.2339622974395752,
      0.5629138946533203,
      0.10382513701915741
    ],
    [
      0.032608695328235626,
      0.2666666805744171,
      0.054187193512916565,
      0.3333333432674408,
      0.2631579041481018,
      0.32307693362236023,
      0.2763157784938812,
      0.18454937636852264,
      0.10382513701915741,
      0.6470588445663452
    ]
  ]
}