{
  "test_loss": 0.01015142782125622,
  "test_tk_to_g_acc@5": 0.9811320754716981,
  "test_g_to_tk_acc@3": 1.0,
  "best_epoch": 20,
  "best_val_loss": 0.01307541853748262,
  "model_parameters": 7350348,
  "training_date": "2025-12-21T23:19:48.160286"
}